Workbook
Name College1: 'Student-Names'!$B$171
Name College10: 'Student-Names'!$B$180
Name College11: 'Student-Names'!$B$181
Name College2: 'Student-Names'!$B$172
Name College3: 'Student-Names'!$B$173
Name College4: 'Student-Names'!$B$174
Name College5: 'Student-Names'!$B$175
Name College6: 'Student-Names'!$B$176
Name College7: 'Student-Names'!$B$177
Name College8: 'Student-Names'!$B$178
Name College9: 'Student-Names'!$B$179
Name Name1: 'Student-Names'!$B$158
Name Name10: 'Student-Names'!$B$167
Name Name11: 'Student-Names'!$B$168
Name Name2: 'Student-Names'!$B$159
Name Name3: 'Student-Names'!$B$160
Name Name4: 'Student-Names'!$B$161
Name Name5: 'Student-Names'!$B$162
Name Name6: 'Student-Names'!$B$163
Name Name7: 'Student-Names'!$B$164
Name Name8: 'Student-Names'!$B$165
Name Name9: 'Student-Names'!$B$166
Name Slicer_College: #N/A
Name Slicer_Major__Primary: #N/A
Name Slicer_Year: #N/A

Sheet Ponzi-Game-Data
A1: Person | B1: Endowment | C1: Round 1 | E1: Round 2 | G1: Round 3 | I1: Ending Bitcoin | J1: Won(Lost) | K1: Final Bal per Statements | Q1: US Justice System | R1: Ends Up | U1: Exchange Rate | X1: US Justice System | Y1: Ends Up
A2: =Name1 -> Meena Ambati | B2: 5 | C2: -5 | D2: 10 | I2: =B2+SUM(C2:H2) -> 10 | J2: =I2-B2 -> 5 | K2: 0 | M2: Winner | O2: Net Winners Won | P2: =SUMIF(J2:J12,">0") -> 20 | Q2: =-P2 -> -20 | R2: =SUM(P2:Q2) -> 0 | U2: 26102.69 | V2: Net Winners Won | W2: =P2*$U$2 -> 522053.8 | X2: =Q2*$U$2 -> -522053.8 | Y2: =R2*$U$2 -> 0
A3: =Name2 -> Erin Daniels | B3: 5 | C3: -5 | D3: 5 | F3: 10 | I3: =B3+SUM(C3:H3) -> 15 | J3: =I3-B3 -> 10 | M3: Winner | O3: Net Losers Lost | P3: =SUMIF(J2:J12,"<0") -> -155 | Q3: =-Q2 -> 20 | R3: =SUM(P3:Q3) -> -135 | V3: Net Losers Lost | W3: =P3*$U$2 -> -4045916.9 | X3: =Q3*$U$2 -> 522053.8 | Y3: =R3*$U$2 -> -3523863.1
A4: =Name3 -> Sydney Mitchell | B4: 5 | C4: -5 | F4: 10 | I4: =B4+SUM(C4:H4) -> 10 | J4: =I4-B4 -> 5 | M4: Winner | O4: Rick Took | P4: =J13 -> 135 | R4: =SUM(P4:Q4) -> 135 | S4: In Jail!! | V4: Rick Took | W4: =P4*$U$2 -> 3523863.1 | X4: =Q4*$U$2 -> 0 | Y4: =R4*$U$2 -> 3523863.1
A5: =Name4 -> Claiborne Tompkins | B5: 5 | C5: -5 | I5: =B5+SUM(C5:H5) -> 0 | J5: =I5-B5 -> -5 | M5: Winner | O5: Total | P5: =SUM(P2:P4) -> 0 | Q5: =SUM(Q2:Q4) -> 0 | R5: =SUM(P5:Q5) -> 0 | V5: Total | W5: =SUM(W2:W4) -> 0 | X5: =SUM(X2:X4) -> 0 | Y5: =SUM(W5:X5) -> 0
A6: =Name5 -> Olivia Kim | B6: 10 | E6: -10 | I6: =B6+SUM(C6:H6) -> 0 | J6: =I6-B6 -> -10 | M6: Winner
A7: =Name6 -> Kiley Capstraw | B7: 10 | E7: -10 | F7: 10 | I7: =B7+SUM(C7:H7) -> 10 | J7: =I7-B7 -> 0 | M7: Loser | O7: Attorneys, Trustees, etc. Fees?
A8: =Name7 -> Isaac Monks | B8: 10 | E8: -10 | I8: =B8+SUM(C8:H8) -> 0 | J8: =I8-B8 -> -10 | M8: Loser | O8: Last time I looked (almost 10 years ago): | R8: $900 million in Madoff Case
A9: =Name8 -> Ruben Berreby | B9: 10 | E9: -10 | I9: =B9+SUM(C9:H9) -> 0 | J9: =I9-B9 -> -10 | M9: Loser | O9: More recently, $1.25 billion --- to one law firm alone!
A10: =Name9 -> Joya Xu | B10: 40 | G10: -40 | I10: =B10+SUM(C10:H10) -> 0 | J10: =I10-B10 -> -40 | M10: Loser
A11: =Name10 -> Emma Lee | B11: 40 | G11: -40 | I11: =B11+SUM(C11:H11) -> 0 | J11: =I11-B11 -> -40 | M11: Loser
A12: =Name11 -> Lucas Szydlowski | B12: 40 | G12: -40 | I12: =B12+SUM(C12:H12) -> 0 | J12: =I12-B12 -> -40 | M12: Loser
A13: RICK | B13: 0 | D13: =-SUM(C2:C12)-SUM(D2:D12) -> 5 | F13: =D13-SUM(E2:E12)-SUM(F2:F12) -> 15 | H13: =F13-SUM(G2:G12)-SUM(H2:H12) -> 135 | I13: =H13 -> 135 | J13: =-SUM(J2:J12) -> 135 | M13: BIG Winner!
A14: Total | B14: =SUM(B2:B13) -> 180 | I14: =SUM(I2:I13) -> 180
B17: First Name | C17: Last Name | D17: Amount | E17: USD
A18: 1 | D18: 5 | E18: =D18*$F$30 -> 458482.4
A19: 2 | D19: 5 | E19: =D19*$F$30 -> 458482.4
A20: 3 | D20: 5 | E20: =D20*$F$30 -> 458482.4
A21: 4 | D21: 5 | E21: =D21*$F$30 -> 458482.4
A22: 5 | D22: 10 | E22: =D22*$F$30 -> 916964.8
A23: 6 | D23: 10 | E23: =D23*$F$30 -> 916964.8
A24: 7 | D24: 10 | E24: =D24*$F$30 -> 916964.8
A25: 8 | D25: 10 | E25: =D25*$F$30 -> 916964.8
A26: 9 | D26: 40 | E26: =D26*$F$30 -> 3667859.2
A27: 10 | D27: 40 | E27: =D27*$F$30 -> 3667859.2
A28: 11 | D28: 40 | E28: =D28*$F$30 -> 3667859.2
E29: =SUM(E18:E28) -> 16505366 | F29: $/₿
E30: #VALUE! | F30: {=_FV(E30,"Price")} -> 91696.48
A45: All deposits occur at the beginning of the round.
A46: All withdrawals occur at the end of the round.
C49: Round 1
D50: Beg Bal | E50: Deposit | F50: "Earnings" | G50: Withdrawals | H50: Balance
C51: =Name1 -> Meena Ambati | D51: 0 | E51: 5 | F51: =(D51+E51) -> 5 | G51: 10 | H51: =D51+E51+F51-G51 -> 0
C52: =Name2 -> Erin Daniels | D52: 0 | E52: 5 | F52: =(D52+E52) -> 5 | G52: 5 | H52: =D52+E52+F52-G52 -> 5
C53: =Name3 -> Sydney Mitchell | D53: 0 | E53: 5 | F53: =(D53+E53) -> 5 | G53: 0 | H53: =D53+E53+F53-G53 -> 10
C54: =Name4 -> Claiborne Tompkins | D54: 0 | E54: 5 | F54: =(D54+E54) -> 5 | G54: 0 | H54: =D54+E54+F54-G54 -> 10
C55: Total | D55: =SUM(D51:D54) -> 0 | E55: =SUM(E51:E54) -> 20 | F55: =SUM(F51:F54) -> 20 | G55: =SUM(G51:G54) -> 15 | H55: =SUM(H51:H54) -> 25
C58: Round 2
D59: Beg Bal | E59: Deposit | F59: "Earnings" | G59: Withdrawals | H59: Balance
C60: =Name1 -> Meena Ambati | D60: =H51 -> 0 | E60: 0 | F60: =(D60+E60) -> 0 | H60: =D60+E60+F60-G60 -> 0
C61: =Name2 -> Erin Daniels | D61: =H52 -> 5 | E61: 0 | F61: =(D61+E61) -> 5 | G61: 10 | H61: =D61+E61+F61-G61 -> 0
C62: =Name3 -> Sydney Mitchell | D62: =H53 -> 10 | E62: 0 | F62: =(D62+E62) -> 10 | G62: 10 | H62: =D62+E62+F62-G62 -> 10
C63: =Name4 -> Claiborne Tompkins | D63: =H54 -> 10 | E63: 0 | F63: =(D63+E63) -> 10 | H63: =D63+E63+F63-G63 -> 20
C64: =Name5 -> Olivia Kim | D64: 0 | E64: 10 | F64: =(D64+E64) -> 10 | H64: =D64+E64+F64-G64 -> 20
C65: =Name6 -> Kiley Capstraw | D65: 0 | E65: 10 | F65: =(D65+E65) -> 10 | G65: 10 | H65: =D65+E65+F65-G65 -> 10
C66: =Name7 -> Isaac Monks | D66: 0 | E66: 10 | F66: =(D66+E66) -> 10 | H66: =D66+E66+F66-G66 -> 20
C67: =Name8 -> Ruben Berreby | D67: 0 | E67: 10 | F67: =(D67+E67) -> 10 | H67: =D67+E67+F67-G67 -> 20
C68: Total | D68: =SUM(D60:D67) -> 25 | E68: =SUM(E60:E67) -> 40 | F68: =SUM(F60:F67) -> 65 | G68: =SUM(G60:G67) -> 30 | H68: =SUM(H60:H67) -> 100
C70: Round 3
D71: Beg Bal | E71: Deposit | F71: "Earnings" | G71: Withdrawals | H71: Balance
C72: =Name1 -> Meena Ambati | D72: =H60 -> 0 | E72: 0 | F72: =(D72+E72) -> 0 | H72: =D72+E72+F72-G72 -> 0
C73: =Name2 -> Erin Daniels | D73: =H61 -> 0 | E73: 0 | F73: =(D73+E73) -> 0 | H73: =D73+E73+F73-G73 -> 0
C74: =Name3 -> Sydney Mitchell | D74: =H62 -> 10 | E74: 0 | F74: =(D74+E74) -> 10 | H74: =D74+E74+F74-G74 -> 20
C75: =Name4 -> Claiborne Tompkins | D75: =H63 -> 20 | E75: 0 | F75: =(D75+E75) -> 20 | H75: =D75+E75+F75-G75 -> 40
C76: =Name5 -> Olivia Kim | D76: =H64 -> 20 | E76: 0 | F76: =(D76+E76) -> 20 | H76: =D76+E76+F76-G76 -> 40
C77: =Name6 -> Kiley Capstraw | D77: =H65 -> 10 | E77: 0 | F77: =(D77+E77) -> 10 | H77: =D77+E77+F77-G77 -> 20
C78: =Name7 -> Isaac Monks | D78: =H66 -> 20 | E78: 0 | F78: =(D78+E78) -> 20 | H78: =D78+E78+F78-G78 -> 40
C79: =Name8 -> Ruben Berreby | D79: =H67 -> 20 | E79: 0 | F79: =(D79+E79) -> 20 | H79: =D79+E79+F79-G79 -> 40
C80: =Name9 -> Joya Xu | D80: 0 | E80: 40 | F80: =(D80+E80) -> 40 | H80: =D80+E80+F80-G80 -> 80
C81: =Name10 -> Emma Lee | D81: 0 | E81: 40 | F81: =(D81+E81) -> 40 | H81: =D81+E81+F81-G81 -> 80
C82: =Name11 -> Lucas Szydlowski | D82: 0 | E82: 40 | F82: =(D82+E82) -> 40 | H82: =D82+E82+F82-G82 -> 80
C83: Total | D83: =SUM(D72:D82) -> 100 | E83: =SUM(E72:E82) -> 120 | F83: =SUM(F72:F82) -> 220 | G83: =SUM(G72:G82) -> 0 | H83: =SUM(H72:H82) -> 440
C85: Total
D86: Beg Bal | E86: Deposit | F86: "Earnings" | G86: Withdrawals | H86: Balance | I86: Net Bitcoin
C87: =Name1 -> Meena Ambati | D87: 0 | E87: =E51+E60+E72 -> 5 | F87: =F51+F60+F72 -> 5 | G87: =G51+G60+G72 -> 10 | H87: =H51+H60+H72 -> 0 | I87: =G87-E87 -> 5
C88: =Name2 -> Erin Daniels | D88: 0 | E88: =E52+E61+E73 -> 5 | F88: =F52+F61+F73 -> 10 | G88: =G52+G61+G73 -> 15 | H88: =D88+E88+F88-G88 -> 0 | I88: =G88-E88 -> 10
C89: =Name3 -> Sydney Mitchell | D89: 0 | E89: =E53+E62+E74 -> 5 | F89: =F53+F62+F74 -> 25 | G89: =G53+G62+G74 -> 10 | H89: =D89+E89+F89-G89 -> 20 | I89: =G89-E89 -> 5
C90: =Name4 -> Claiborne Tompkins | D90: 0 | E90: =E54+E63+E75 -> 5 | F90: =F54+F63+F75 -> 35 | G90: =G54+G63+G75 -> 0 | H90: =D90+E90+F90-G90 -> 40 | I90: =G90-E90 -> -5
C91: =Name5 -> Olivia Kim | D91: 0 | E91: =E64+E76 -> 10 | F91: =F64+F76 -> 30 | G91: =G64+G76 -> 0 | H91: =D91+E91+F91-G91 -> 40 | I91: =G91-E91 -> -10
C92: =Name6 -> Kiley Capstraw | D92: 0 | E92: =E65+E77 -> 10 | F92: =F65+F77 -> 20 | G92: =G65+G77 -> 10 | H92: =D92+E92+F92-G92 -> 20 | I92: =G92-E92 -> 0
C93: =Name7 -> Isaac Monks | D93: 0 | E93: =E66+E78 -> 10 | F93: =F66+F78 -> 30 | G93: =G66+G78 -> 0 | H93: =D93+E93+F93-G93 -> 40 | I93: =G93-E93 -> -10
C94: =Name8 -> Ruben Berreby | D94: 0 | E94: =E67+E79 -> 10 | F94: =F67+F79 -> 30 | G94: =G67+G79 -> 0 | H94: =D94+E94+F94-G94 -> 40 | I94: =G94-E94 -> -10
C95: =Name9 -> Joya Xu | D95: 0 | E95: =E80 -> 40 | F95: =F80 -> 40 | G95: =G80 -> 0 | H95: =D95+E95+F95-G95 -> 80 | I95: =G95-E95 -> -40
C96: =Name10 -> Emma Lee | D96: 0 | E96: =E81 -> 40 | F96: =F81 -> 40 | G96: =G81 -> 0 | H96: =D96+E96+F96-G96 -> 80 | I96: =G96-E96 -> -40
C97: =Name11 -> Lucas Szydlowski | D97: 0 | E97: =E82 -> 40 | F97: =F82 -> 40 | G97: =G82 -> 0 | H97: =D97+E97+F97-G97 -> 80 | I97: =G97-E97 -> -40
C98: Total | D98: =SUM(D87:D97) -> 0 | E98: =SUM(E87:E97) -> 180 | F98: =SUM(F87:F97) -> 305 | G98: =SUM(G87:G97) -> 45 | H98: =SUM(H87:H97) -> 440 | I98: =SUM(I87:I97) -> -135

Sheet Game-Data
B2: Acct # | C2: Name | D2: Endowment | I2: From RLAIS
B3: 1 | C3: ='Student-Names'!B158 -> Meena Ambati | D3: 5 | G3: Investor | H3: Endowment | I3: Deposits | J3: Withdrawals | K3: Net | L3: Ending Wealth
B4: 2 | C4: ='Student-Names'!B159 -> Erin Daniels | D4: 5 | G4: =C3 -> Meena Ambati | H4: 5 | I4: 5 | J4: 10 | K4: 5 | L4: 10
B5: 3 | C5: ='Student-Names'!B160 -> Sydney Mitchell | D5: 5 | G5: =C4 -> Erin Daniels | H5: 5 | I5: 5 | J5: 15 | K5: 10 | L5: 15
B6: 4 | C6: ='Student-Names'!B161 -> Claiborne Tompkins | D6: 5 | G6: =C5 -> Sydney Mitchell | H6: 5 | I6: 5 | J6: 10 | K6: 5 | L6: 10
B7: 5 | C7: ='Student-Names'!B162 -> Olivia Kim | D7: 10 | G7: =C6 -> Claiborne Tompkins | H7: 5 | I7: 5 | K7: -5 | L7: 0
B8: 6 | C8: ='Student-Names'!B163 -> Kiley Capstraw | D8: 10 | G8: =C7 -> Olivia Kim | H8: 10 | I8: 10 | K8: -10 | L8: 0
B9: 7 | C9: ='Student-Names'!B164 -> Isaac Monks | D9: 10 | G9: =C8 -> Kiley Capstraw | H9: 10 | I9: 10 | J9: 10 | K9: 0 | L9: 10
B10: 8 | C10: ='Student-Names'!B165 -> Ruben Berreby | D10: 10 | G10: =C9 -> Isaac Monks | H10: 10 | I10: 10 | K10: -10 | L10: 0
B11: 9 | C11: ='Student-Names'!B166 -> Joya Xu | D11: 40 | G11: =C10 -> Ruben Berreby | H11: 10 | I11: 10 | K11: -10 | L11: 0
B12: 10 | C12: ='Student-Names'!B167 -> Emma Lee | D12: 40 | G12: =C11 -> Joya Xu | H12: 40 | I12: 40 | K12: -40 | L12: 0
B13: 11 | C13: ='Student-Names'!B168 -> Lucas Szydlowski | D13: 40 | G13: =C12 -> Emma Lee | H13: 40 | I13: 40 | K13: -40 | L13: 0
G14: =C13 -> Lucas Szydlowski | H14: 40 | I14: 40 | K14: -40 | L14: 0
G15: Total | H15: =SUM(H4:H14) -> 180 | K15: =SUM(K4:K14) -> -135 | L15: =SUM(L4:L14) -> 45
C20: Substitutes
C21: ='Student-Names'!A184&" "&'Student-Names'!B184 -> Claire Zhong
C22: ='Student-Names'!A185&" "&'Student-Names'!B185 -> Hettie Whittington
C23: ='Student-Names'!A186&" "&'Student-Names'!B186 -> Jonathan Bernard
C24: ='Student-Names'!A187&" "&'Student-Names'!B187 -> Jack Pankey
C25: ='Student-Names'!A188&" "&'Student-Names'!B188 -> Edward Liao
C26: ='Student-Names'!A189&" "&'Student-Names'!B189 -> Krish Gupta
C27: ='Student-Names'!A190&" "&'Student-Names'!B190 -> Shaurya Sharma
C28: ='Student-Names'!A191&" "&'Student-Names'!B191 -> Joseph Farouz
C29: ='Student-Names'!A192&" "&'Student-Names'!B192 -> Jonathan Adler
C30: ='Student-Names'!A193&" "&'Student-Names'!B193 -> Tom Monaghan

Sheet Account-Statements
A2: RLA Investment Securities LLC
C4: Acct#
C5: 1
B7: Beginning balance | C7: 0
B8: Deposits | C8: 5
B9: Earnings | C9: 5
B10: Withdrawals | C10: -10
B11: Balance | C11: =SUM(C7:C10) -> 0
A15: RLA Investment Securities LLC | E15: RLA Investment Securities LLC
C17: Acct# | G17: Acct#
C18: 2 | G18: 2
B20: Beginning balance | C20: 0 | F20: Beginning balance | G20: 5
B21: Deposits | C21: 5 | F21: Deposits | G21: 0
B22: Earnings | C22: 5 | F22: Earnings | G22: 5
B23: Withdrawals | C23: -5 | F23: Withdrawals | G23: -10
B24: Balance | C24: =SUM(C20:C23) -> 5 | F24: Balance | G24: =SUM(G20:G23) -> 0
A28: RLA Investment Securities LLC | E28: RLA Investment Securities LLC | I28: RLA Investment Securities LLC
C30: Acct# | G30: Acct# | K30: Acct#
C31: 3 | G31: 3 | K31: 3
B33: Beginning balance | C33: 0 | F33: Beginning balance | G33: 10 | J33: Beginning balance | K33: 10
B34: Deposits | C34: 5 | F34: Deposits | G34: 0 | J34: Deposits | K34: 0
B35: Earnings | C35: 5 | F35: Earnings | G35: 10 | J35: Earnings | K35: 10
B36: Withdrawals | C36: 0 | F36: Withdrawals | G36: -10 | J36: Withdrawals | K36: 0
B37: Balance | C37: =SUM(C33:C36) -> 10 | F37: Balance | G37: =SUM(G33:G36) -> 10 | J37: Balance | K37: =SUM(K33:K36) -> 20
A41: RLA Investment Securities LLC | E41: RLA Investment Securities LLC | I41: RLA Investment Securities LLC
C43: Acct# | G43: Acct# | K43: Acct#
C44: 4 | G44: 4 | K44: 4
B46: Beginning balance | C46: 0 | F46: Beginning balance | G46: 10 | J46: Beginning balance | K46: 20
B47: Deposits | C47: 5 | F47: Deposits | G47: 0 | J47: Deposits | K47: 0
B48: Earnings | C48: 5 | F48: Earnings | G48: 10 | J48: Earnings | K48: 20
B49: Withdrawals | C49: 0 | F49: Withdrawals | G49: 0 | J49: Withdrawals | K49: 0
B50: Balance | C50: =SUM(C46:C49) -> 10 | F50: Balance | G50: =SUM(G46:G49) -> 20 | J50: Balance | K50: =SUM(K46:K49) -> 40
E54: RLA Investment Securities LLC
G56: Acct#
G57: 5
F59: Beginning balance | G59: 0
F60: Deposits | G60: 10
F61: Earnings | G61: 10
F62: Withdrawals | G62: 0
F63: Balance | G63: =SUM(G59:G62) -> 20
E67: RLA Investment Securities LLC
G69: Acct#
G70: 6
F72: Beginning balance | G72: 0
F73: Deposits | G73: 10
F74: Earnings | G74: 10
F75: Withdrawals | G75: -10
F76: Balance | G76: =SUM(G72:G75) -> 10
E80: RLA Investment Securities LLC | I80: RLA Investment Securities LLC
G82: Acct# | K82: Acct#
G83: 7 | K83: 7
F85: Beginning balance | G85: 0 | J85: Beginning balance | K85: 20
F86: Deposits | G86: 10 | J86: Deposits | K86: 0
F87: Earnings | G87: 10 | J87: Earnings | K87: 20
F88: Withdrawals | G88: 0 | J88: Withdrawals | K88: 0
F89: Balance | G89: =SUM(G85:G88) -> 20 | J89: Balance | K89: =SUM(K85:K88) -> 40
E93: RLA Investment Securities LLC | I93: RLA Investment Securities LLC
G95: Acct# | K95: Acct#
G96: 8 | K96: 8
F98: Beginning balance | G98: 0 | J98: Beginning balance | K98: 0
F99: Deposits | G99: 10 | J99: Deposits | K99: 5
F100: Earnings | G100: 10 | J100: Earnings | K100: 0
F101: Withdrawals | G101: 0 | J101: Withdrawals | K101: 0
F102: Balance | G102: =SUM(G98:G101) -> 20 | J102: Balance | K102: =SUM(K98:K101) -> 5
I106: RLA Investment Securities LLC
K108: Acct#
K109: 9
J111: Beginning balance | K111: 0
J112: Deposits | K112: 40
J113: Earnings | K113: 40
J114: Withdrawals | K114: -40
J115: Balance | K115: =SUM(K111:K114) -> 40
I119: RLA Investment Securities LLC
K121: Acct#
K122: 10
J124: Beginning balance | K124: 0
J125: Deposits | K125: 40
J126: Earnings | K126: 40
J127: Withdrawals | K127: 0
J128: Balance | K128: =SUM(K124:K127) -> 80
I132: RLA Investment Securities LLC
K134: Acct#
K135: 11
J137: Beginning balance | K137: 0
J138: Deposits | K138: 40
J139: Earnings | K139: 40
J140: Withdrawals | K140: 0
J141: Balance | K141: =SUM(K137:K140) -> 80

Sheet Student-Names
A1: Last Name | B1: First Name | C1: Role | D1: College | E1: Major (Primary) | F1: Year | G1: Rand | H1: Present | J1: # of players
A2: Ambati | B2: Meena | C2: Visitor | D2: Trumbull College | E2: Ecology & Evolutionary Biology | F2: 26 | G2: 1 | H2: Yes | J2: =COUNTIF(Table1[Present],"Yes") -> 139
A3: Daniels | B3: Erin | C3: Student | D3: Benjamin Franklin College | E3: Economics | F3: 27 | G3: 2 | H3: Yes
A4: Mitchell | B4: Sydney | C4: Student | D4: Pierson College | E4: Political Science | F4: 27 | G4: 3 | H4: Yes
A5: Tompkins | B5: Claiborne | C5: Visitor | D5: Saybrook College | E5: Undeclared | F5: 29 | G5: 4 | H5: Yes
A6: Kim | B6: Olivia | C6: Student | D6: Pauli Murray College | E6: Undeclared | F6: 29 | G6: 5 | H6: Yes
A7: Capstraw | B7: Kiley | C7: Student | D7: Pauli Murray College | E7: Psychology | F7: 26 | G7: 6 | H7: Yes
A8: Monks | B8: Isaac | C8: Student | D8: Timothy Dwight College | E8: American Studies | F8: 28 | G8: 7 | H8: Yes
A9: Berreby | B9: Ruben | C9: Student | D9: Saybrook College | E9: Undeclared | F9: 29 | G9: 8 | H9: Yes
A10: Xu | B10: Joya | C10: Student | D10: Saybrook College | E10: Undeclared | F10: 29 | G10: 9 | H10: Yes
A11: Lee | B11: Emma | C11: Student | D11: Grace Hopper College | E11: Undeclared | F11: 29 | G11: 10 | H11: Yes
A12: Szydlowski | B12: Lucas | C12: Student | D12: Jonathan Edwards College | E12: Undeclared | F12: 29 | G12: 11 | H12: Yes
A13: Wang | B13: Noria | C13: Student | D13: School of Public Health | E13: Biostatistics | F13: 27 | G13: 12 | H13: Yes
A14: Zhong | B14: Claire | C14: Visitor | D14: Branford College | E14: Computer Science & Mathematics | F14: 28 | G14: 13 | H14: Yes
... A41: Hansen | B41: Sophie | C41: Student | D41: Davenport College | E41: Economics & Mathematics | F41: 28 | G41: 40 | H41: Yes
H42: Yes
H43: Yes
H44: Yes
H45: Yes
H46: Yes
H47: Yes
H48: Yes
H49: Yes
H50: Yes
H51: Yes
H52: Yes
H53: Yes
... H140: Yes
A144: =I144 -> Meena | B144: =J144 -> Ambati | C144: =K144 -> Trumbull College | I144: {=_xlfn._xlws.FILTER(CHOOSE({1,2,3},Table1[First Name],Table1[Last Name],Table1[College]),Table1[Present]="Yes","")} -> Meena | J144: Ambati | K144: Trumbull College
A145: =I145 -> Erin | B145: =J145 -> Daniels | C145: =K145 -> Benjamin Franklin College | I145: Erin | J145: Daniels | K145: Benjamin Franklin College
A146: =I146 -> Sydney | B146: =J146 -> Mitchell | C146: =K146 -> Pierson College | I146: Sydney | J146: Mitchell | K146: Pierson College
A147: =I147 -> Claiborne | B147: =J147 -> Tompkins | C147: =K147 -> Saybrook College | I147: Claiborne | J147: Tompkins | K147: Saybrook College
A148: =I148 -> Olivia | B148: =J148 -> Kim | C148: =K148 -> Pauli Murray College | I148: Olivia | J148: Kim | K148: Pauli Murray College
A149: =I149 -> Kiley | B149: =J149 -> Capstraw | C149: =K149 -> Pauli Murray College | I149: Kiley | J149: Capstraw | K149: Pauli Murray College
A150: =I150 -> Isaac | B150: =J150 -> Monks | C150: =K150 -> Timothy Dwight College | I150: Isaac | J150: Monks | K150: Timothy Dwight College
A151: =I151 -> Ruben | B151: =J151 -> Berreby | C151: =K151 -> Saybrook College | I151: Ruben | J151: Berreby | K151: Saybrook College
A152: =I152 -> Joya | B152: =J152 -> Xu | C152: =K152 -> Saybrook College | I152: Joya | J152: Xu | K152: Saybrook College
A153: =I153 -> Emma | B153: =J153 -> Lee | C153: =K153 -> Grace Hopper College | I153: Emma | J153: Lee | K153: Grace Hopper College
A154: =I154 -> Lucas | B154: =J154 -> Szydlowski | C154: =K154 -> Jonathan Edwards College | I154: Lucas | J154: Szydlowski | K154: Jonathan Edwards College
I155: Noria | J155: Wang | K155: School of Public Health
I156: Claire | J156: Zhong | K156: Branford College
I157: Hettie | J157: Whittington | K157: Benjamin Franklin College
A158: Name1 | B158: =A144&" "&B144 -> Meena Ambati | D158: Player 1 | E158: {=INDIRECT(G158)} -> Meena Ambati | F158: 1 | G158: ="Name"&F158 -> Name1 | I158: Jonathan | J158: Bernard | K158: Morse College
A159: Name2 | B159: =A145&" "&B145 -> Erin Daniels | E159: {=INDIRECT(G159)} -> Trumbull College | G159: ="College"&F158 -> College1 | I159: Jack | J159: Pankey | K159: Pierson College
A160: Name3 | B160: =A146&" "&B146 -> Sydney Mitchell | D160: Player 2 | E160: {=INDIRECT(G160)} -> Erin Daniels | F160: 2 | G160: ="Name"&F160 -> Name2 | I160: Edward | J160: Liao | K160: Pierson College
A161: Name4 | B161: =A147&" "&B147 -> Claiborne Tompkins | E161: {=INDIRECT(G161)} -> Benjamin Franklin College | G161: ="College"&F160 -> College2 | I161: Krish | J161: Gupta | K161: Berkeley College
A162: Name5 | B162: =A148&" "&B148 -> Olivia Kim | D162: Player 3 | E162: {=INDIRECT(G162)} -> Sydney Mitchell | F162: 3 | G162: ="Name"&F162 -> Name3 | I162: Shaurya | J162: Sharma | K162: Benjamin Franklin College
A163: Name6 | B163: =A149&" "&B149 -> Kiley Capstraw | E163: {=INDIRECT(G163)} -> Pierson College | G163: ="College"&F162 -> College3 | I163: Joseph | J163: Farouz | K163: Silliman College
A164: Name7 | B164: =A150&" "&B150 -> Isaac Monks | D164: Player 4 | E164: {=INDIRECT(G164)} -> Claiborne Tompkins | F164: 4 | G164: ="Name"&F164 -> Name4 | I164: Jonathan | J164: Adler | K164: Trumbull College
A165: Name8 | B165: =A151&" "&B151 -> Ruben Berreby | E165: {=INDIRECT(G165)} -> Saybrook College | G165: ="College"&F164 -> College4 | I165: Tom | J165: Monaghan | K165: Davenport College
A166: Name9 | B166: =A152&" "&B152 -> Joya Xu | D166: Player 5 | E166: {=INDIRECT(G166)} -> Olivia Kim | F166: 5 | G166: ="Name"&F166 -> Name5 | I166: Lachlan | J166: Sutton | K166: Morse College
A167: Name10 | B167: =A153&" "&B153 -> Emma Lee | E167: {=INDIRECT(G167)} -> Pauli Murray College | G167: ="College"&F166 -> College5 | I167: Issy | J167: Baileff | K167: Timothy Dwight College
A168: Name11 | B168: =A154&" "&B154 -> Lucas Szydlowski | D168: Player 6 | E168: {=INDIRECT(G168)} -> Kiley Capstraw | F168: 6 | G168: ="Name"&F168 -> Name6 | I168: Ashley Haiting | J168: Rehn | K168: School of Public Health
E169: {=INDIRECT(G169)} -> Pauli Murray College | G169: ="College"&F168 -> College6 | I169: Jordan | J169: Messina | K169: Grace Hopper College
D170: Player 7 | E170: {=INDIRECT(G170)} -> Isaac Monks | F170: 7 | G170: ="Name"&F170 -> Name7 | I170: Timothy | J170: Bang | K170: Silliman College
A171: College1 | B171: =C144 -> Trumbull College | E171: {=INDIRECT(G171)} -> Timothy Dwight College | G171: ="College"&F170 -> College7 | I171: Jin Woo | J171: Park | K171: Ezra Stiles College
A172: College2 | B172: =C145 -> Benjamin Franklin College | D172: Player 8 | E172: {=INDIRECT(G172)} -> Ruben Berreby | F172: 8 | G172: ="Name"&F172 -> Name8 | I172: Matt | J172: Lin | K172: Pierson College
A173: College3 | B173: =C146 -> Pierson College | E173: {=INDIRECT(G173)} -> Saybrook College | G173: ="College"&F172 -> College8 | I173: Carlos | J173: Perez | K173: Berkeley College
A174: College4 | B174: =C147 -> Saybrook College | D174: Player 9 | E174: {=INDIRECT(G174)} -> Joya Xu | F174: 9 | G174: ="Name"&F174 -> Name9 | I174: Julian | J174: Berkowitz-Sklar | K174: Morse College
A175: College5 | B175: =C148 -> Pauli Murray College | E175: {=INDIRECT(G175)} -> Saybrook College | G175: ="College"&F174 -> College9 | I175: Maggie | J175: Chang | K175: Timothy Dwight College
A176: College6 | B176: =C149 -> Pauli Murray College | D176: Player 10 | E176: {=INDIRECT(G176)} -> Emma Lee | F176: 10 | G176: ="Name"&F176 -> Name10 | I176: Angela | J176: Huang | K176: Benjamin Franklin College
A177: College7 | B177: =C150 -> Timothy Dwight College | E177: {=INDIRECT(G177)} -> Grace Hopper College | G177: ="College"&F176 -> College10 | I177: Aaron | J177: Combs | K177: Pierson College
A178: College8 | B178: =C151 -> Saybrook College | D178: Player 11 | E178: {=INDIRECT(G178)} -> Lucas Szydlowski | F178: 11 | G178: ="Name"&F178 -> Name11 | I178: Ladia | J178: Khaing | K178: Jonathan Edwards College
A179: College9 | B179: =C152 -> Saybrook College | E179: {=INDIRECT(G179)} -> Jonathan Edwards College | G179: ="College"&F178 -> College11 | I179: Shua | J179: Rosenstein | K179: Pierson College
A180: College10 | B180: =C153 -> Grace Hopper College | I180: Ryan | J180: Coffey | K180: Branford College
A181: College11 | B181: =C154 -> Jonathan Edwards College | I181: Angelo | J181: Zhu | K181: Silliman College
I182: Dani | J182: Wasserman | K182: Morse College
I183: Sophie | J183: Hansen | K183: Davenport College
A184: {=_xlfn._xlws.FILTER(CHOOSE({1,2},Table1[First Name],Table1[Last Name]),(Table1[Rand]>12)*(Table1[Rand]<23),"")} -> Claire | B184: Zhong | I184: 0 | J184: 0 | K184: 0
A185: Hettie | B185: Whittington | I185: 0 | J185: 0 | K185: 0
A186: Jonathan | B186: Bernard | I186: 0 | J186: 0 | K186: 0
A187: Jack | B187: Pankey | I187: 0 | J187: 0 | K187: 0
A188: Edward | B188: Liao | I188: 0 | J188: 0 | K188: 0
A189: Krish | B189: Gupta | I189: 0 | J189: 0 | K189: 0
A190: Shaurya | B190: Sharma | I190: 0 | J190: 0 | K190: 0
A191: Joseph | B191: Farouz | I191: 0 | J191: 0 | K191: 0
A192: Jonathan | B192: Adler | I192: 0 | J192: 0 | K192: 0
A193: Tom | B193: Monaghan | I193: 0 | J193: 0 | K193: 0
I194: 0 | J194: 0 | K194: 0
I195: 0 | J195: 0 | K195: 0
I196: 0 | J196: 0 | K196: 0
I197: 0 | J197: 0 | K197: 0
I198: 0 | J198: 0 | K198: 0
I199: 0 | J199: 0 | K199: 0
I200: 0 | J200: 0 | K200: 0
I201: 0 | J201: 0 | K201: 0
I202: 0 | J202: 0 | K202: 0
I203: 0 | J203: 0 | K203: 0
I204: 0 | J204: 0 | K204: 0
I205: 0 | J205: 0 | K205: 0
... I282: 0 | J282: 0 | K282: 0
